n,z,betaMinusTwoNeutronEmission(keV)
4,1,1818.5920000000006
5,1,23308.173010000002
6,1,21761.129880000004
3,2,-33578.40212
4,2,-23873.731119999997
5,2,-1748.3951199999992
6,2,1380.1664400000009
7,2,9886.08525
8,2,12108.705879999998
4,3,-38374.531489999994
5,3,-13571.865119999999
6,3,-6956.72912
7,3,11968.31988
8,3,13237.171879999998
9,3,20259.453879999997
10,3,20661.089879999996
4,4,-58520.964120000004
5,4,-32470.73812
6,4,-26456.718119999998
7,4,-8381.953119999998
8,4,-3115.4861200000014
9,4,8848.735880000004
10,4,10442.46788
11,4,17121.236880000008
12,4,17640.816880000002
5,5,-39156.29412
6,5,-36385.89912
7,5,-18471.91112
8,5,-10230.08512
9,5,7521.049880000002
10,5,9689.73355
11,5,17949.169600000005
12,5,17700.540879999997
13,5,21955.87088
14,5,22595.73488
15,5,28339.66688
16,5,29826.496880000002
6,6,-54942.66312
7,6,-37383.270789999995
8,6,-30460.81084
9,6,-11614.972119999999
10,6,-5311.9199499999995
11,6,4787.805790000002
12,6,3092.722880000001
13,6,8401.038880000004
14,6,8247.763880000002
15,6,13644.108880000003
16,6,15702.068880000003
17,6,22796.44888
7,7,-45292.55429
8,7,-39156.63003
9,7,-18466.51012
10,7,-11128.179119999999
11,7,1707.5330500000018
12,7,522.3830899999994
13,7,6406.678220000002
14,7,5756.4208800000015
15,7,11825.996880000002
16,7,12515.758879999998
17,7,21512.33188
18,7,25218.99288
7,8,-55317.01411999999
8,8,-52844.041289999994
9,8,-33518.15233
10,8,-27600.63446
11,8,-14761.47912
12,8,-13219.57612
13,8,-6593.156999999999
14,8,-6842.14112
15,8,-1473.6601200000005
16,8,-435.6081200000008
17,8,7901.130880000001
18,8,10973.888879999999
19,8,17193.19688
20,8,17262.708880000002
9,9,-39256.299119999996
10,9,-34130.533240000004
11,9,-21477.716119999997
12,9,-17942.29512
13,9,-6307.327949999999
14,9,-7125.5971199999985
15,9,-573.4041199999992
16,9,345.5758800000003
17,9,8483.66088
18,9,11026.34488
19,9,16780.04588
20,9,16956.64388
21,9,21517.625880000003
22,9,22300.56088
9,10,-49110.16211999999
10,10,-48222.560289999994
11,10,-34803.79612
12,10,-31017.841119999997
13,10,-19111.824119999997
14,10,-16912.88712
15,10,-8648.2856
16,10,-7243.62112
17,10,266.08788000000277
18,10,2017.8818800000008
19,10,7774.957880000002
20,10,8125.7988799999985
21,10,12358.963880000003
22,10,12381.693880000003
23,10,17741.332879999998
24,10,18059.21188
10,11,-50165.88712
11,11,-38801.72112
12,11,-36576.340639999995
13,11,-24160.55112
14,11,-20026.77512
15,11,-9069.83812
16,11,-8467.645120000001
17,11,-916.4071199999998
18,11,1123.9518800000005
19,11,7351.979880000003
20,11,6715.754880000004
21,11,11378.888879999999
22,11,10759.62888
23,11,16366.378880000004
24,11,16725.49088
25,11,21437.03988
26,11,21351.57788
27,11,25382.20488
28,11,25622.885879999998
11,12,-48706.31112
12,12,-48277.214120000004
13,12,-36083.48912
14,12,-32308.36812
15,12,-21813.25612
16,12,-18952.44312
17,12,-9558.132119999998
18,12,-8173.290119999998
19,12,-1057.0261200000004
20,12,-1107.421119999999
21,12,3770.945880000003
22,12,3280.0558800000035
23,12,7994.531879999999
24,12,7235.141879999999
25,12,12292.57188
26,12,11980.979880000003
27,12,16822.799880000002
28,12,16937.36388
29,12,20467.36388
11,13,-49831.44812
12,13,-49008.61012
13,13,-39097.96111999999
14,13,-37166.82212
15,13,-25852.35212
16,13,-21965.89312
17,13,-10513.95501
18,13,-9198.26358
19,13,-2809.04212
20,13,-1690.9811199999986
21,13,4937.4338800000005
22,13,4147.961880000003
23,13,9799.43188
24,13,8058.4078800000025
25,13,12763.48888
26,13,11918.87588
27,13,16847.66288
28,13,16127.011880000002
29,13,20180.487879999997
30,13,18927.36388
12,14,-57303.63911999999
13,14,-48717.14112
14,14,-48608.433229999995
15,14,-37378.68566
16,14,-33427.742119999995
17,14,-22138.82412
18,14,-20019.469119999998
19,14,-12216.419700000002
20,14,-11829.44412
21,14,-4196.76612
22,14,-4030.059119999998
23,14,2143.660880000003
24,14,-61.890120000000024
25,14,5173.727879999999
26,14,4145.80488
27,14,9831.99988
28,14,8836.55288
29,14,13167.13088
30,14,12075.52188
31,14,15907.36388
13,15,-50970.492119999995
14,15,-50586.48512
15,15,-40416.695120000004
16,15,-37488.75754
17,15,-26388.25812
18,15,-23437.45512
19,15,-14675.80098
20,15,-14414.58682
21,15,-6461.992119999999
22,15,-6292.438119999999
23,15,-100.0601200000001
24,15,-2020.8461200000002
25,15,2579.3908800000027
26,15,2040.2688799999996
27,15,7787.05588
28,15,7905.9438800000025
29,15,12605.11188
30,15,12012.82488
31,15,15901.599880000002
32,15,16007.36388
14,16,-58471.89012
15,16,-49207.16712
16,16,-46832.72126
17,16,-35693.94242
18,16,-32739.61912
19,16,-23985.50612
20,16,-22366.69112
21,16,-14025.53012
22,16,-13481.844119999998
23,16,-7543.756119999998
24,16,-9182.370119999996
25,16,-5350.99812
26,16,-6222.5661199999995
27,16,-1030.9051199999994
28,16,-515.1021199999996
29,16,4676.873879999999
30,16,4976.336880000003
31,16,9319.907880000002
32,16,9982.312880000001
33,16,13828.36388
14,17,-61146.18811999999
15,17,-51548.34212
16,17,-48470.97612
17,17,-38382.37012
18,17,-35771.873120000004
19,17,-27286.35112
20,17,-24856.89912
21,17,-15709.21012
22,17,-14995.17512
23,17,-8985.627120000001
24,17,-10207.633119999999
25,17,-5934.506150000001
26,17,-7234.636119999996
27,17,-2198.931120000001
28,17,-2395.3691199999994
29,17,2795.6748799999987
30,17,4048.1648800000003
31,17,9348.618880000002
32,17,9964.637880000002
33,17,13912.29088
34,17,15207.36388
35,17,19447.36388
15,18,-59786.931119999994
16,18,-56510.92912
17,18,-46729.92512
18,18,-45154.17812
19,18,-35917.42212
20,18,-33440.28112
21,18,-24584.630119999998
22,18,-22381.77609
23,18,-15402.95077
24,18,-17029.817119999996
25,18,-12592.898320000004
26,18,-13793.865119999995
27,18,-9338.043119999998
28,18,-10132.39312
29,18,-4894.267120000004
30,18,-3083.6341200000024
31,18,2509.3458800000044
32,18,2911.8458800000008
33,18,6978.85988
34,18,8205.21688
35,18,13163.82088
36,18,13554.991880000001
16,19,-58345.52911999999
17,19,-48449.818119999996
18,19,-46132.83712
19,19,-38492.23011999999
20,19,-36813.76147
21,19,-27619.63012
22,19,-24419.477919999998
23,19,-16318.26512
24,19,-17580.122119999996
25,19,-13376.841120000001
26,19,-14349.406119999996
27,19,-10087.835119999992
28,19,-11042.38812
29,19,-5287.508119999999
30,19,-3409.4671199999975
31,19,2354.378880000004
32,19,2641.9098799999992
33,19,6308.965880000003
34,19,7893.951879999997
35,19,12973.635879999998
36,19,13715.07088
37,19,16997.95088
38,19,16637.73888
39,19,19297.75388
40,19,19167.36388
17,20,-56378.70612
18,20,-54351.13911999999
19,20,-47205.34312
20,20,-46740.03812
21,20,-37107.818119999996
22,20,-34166.57612
23,20,-25909.14912
24,20,-25490.36312
25,20,-20766.71612
26,20,-21466.211119999996
27,20,-17414.980119999997
28,20,-18605.861120000005
29,20,-13105.79712
30,20,-11227.783120000004
31,20,-5912.499119999997
32,20,-5871.788119999994
33,20,-2279.990119999995
34,20,-779.6631200000011
35,20,3976.543880000001
36,20,4784.9078800000025
37,20,8139.471880000001
38,20,7843.211880000003
39,20,11047.01688
40,20,10336.93288
41,20,13696.91388
18,21,-55485.362120000005
19,21,-48035.98912
20,21,-47284.996119999996
21,21,-39270.200119999994
22,21,-36633.24712
23,21,-28854.318120000004
24,21,-27899.366120000002
25,21,-20355.693119999993
26,21,-21469.212119999993
27,21,-16518.450119999998
28,21,-17767.47112
29,21,-12186.804120000004
30,21,-10828.97712
31,21,-5234.3291199999985
32,21,-5179.226120000003
33,21,-1102.8721200000036
34,21,-103.31112000000212
35,21,4085.327879999997
36,21,4310.17988
37,21,7800.789880000004
38,21,7429.66188
39,21,10225.031880000002
40,21,10237.36388
41,21,13267.061880000001
42,21,13297.36388
19,22,-54410.17512
20,22,-53716.98912
21,22,-45768.227119999996
22,22,-46071.222120000006
23,22,-37236.544120000006
24,22,-36462.82612
25,22,-29193.80712
26,22,-27559.69112
27,22,-22699.578120000002
28,22,-23096.49812
29,22,-17913.444119999996
30,22,-16397.094119999998
31,22,-10820.964119999993
32,22,-10443.416119999998
33,22,-6123.430119999994
34,22,-5667.364120000002
35,22,-1419.3481199999987
36,22,-876.9031200000027
37,22,2412.4268800000027
38,22,2188.249880000003
39,22,5097.980879999999
40,22,4744.765880000003
41,22,8174.48488
42,22,7590.5278800000015
43,22,10807.50488
20,23,-54468.99412
21,23,-47010.71512
22,23,-46059.07712
23,23,-39796.63412
24,23,-38634.905119999996
25,23,-31149.071119999997
26,23,-29541.700119999998
27,23,-22544.563119999995
28,23,-23013.389120000003
29,23,-17324.304119999997
30,23,-16543.596120000006
31,23,-10621.395119999997
32,23,-9980.154119999996
33,23,-5390.658119999996
34,23,-5467.375120000001
35,23,-1288.0921200000048
36,23,-1228.268119999997
37,23,2761.769879999996
38,23,1796.1738799999985
39,23,5552.69988
40,23,4613.724880000002
41,23,8389.974879999998
42,23,7925.66288
43,23,11197.341880000004
44,23,10423.36388
21,24,-53027.43712
22,24,-53074.20612
23,24,-45725.72912
24,24,-46546.20112
25,24,-38908.61212
26,24,-37107.35612
27,24,-29973.426119999993
28,24,-28935.258120000002
29,24,-23187.029120000003
30,24,-22366.628119999998
31,24,-16562.61012
32,24,-15869.517119999993
33,24,-10955.079119999999
34,24,-11222.778119999999
35,24,-6772.288119999994
36,24,-7223.56812
37,24,-3113.8101199999983
38,24,-4027.301119999993
39,24,-578.8051200000009
40,24,-1258.6491200000055
41,24,2434.4248800000023
42,24,1706.4038800000017
43,24,5554.707879999998
44,24,4917.755880000001
45,24,7807.363880000001
46,24,7137.363880000001
22,25,-53117.01212
23,25,-46649.280119999996
24,25,-46632.56112
25,25,-40760.94712
26,25,-39635.13112
27,25,-32377.563120000003
28,25,-30643.80112
29,25,-23368.78812
30,25,-22907.69512
31,25,-16799.68712
32,25,-16147.493120000003
33,25,-11363.041119999998
34,25,-11485.94712
35,25,-6955.311120000002
36,25,-7219.809119999994
37,25,-3253.4271199999966
38,25,-4109.194120000004
39,25,-253.61911999999938
40,25,-1474.3511199999957
41,25,2076.5238800000043
42,25,1495.2658800000027
43,25,5005.210880000002
44,25,4205.779879999998
45,25,7304.363880000001
46,25,6436.363880000001
47,25,9577.36388
48,25,9087.36388
23,26,-51513.36611999999
24,26,-52349.09612
25,26,-46551.82111999999
26,26,-46885.328120000006
27,26,-39747.973119999995
28,26,-38053.272119999994
29,26,-30964.68212
30,26,-28739.73112
31,26,-22294.65712
32,26,-22257.389120000003
33,26,-17461.93512
34,26,-17708.518119999997
35,26,-12833.301119999993
36,26,-13370.256120000002
37,26,-8880.086120000004
38,26,-9687.789120000005
39,26,-5508.985120000001
40,26,-6418.041119999998
41,26,-2665.847119999995
42,26,-3631.0951200000018
43,26,-19.853119999996125
44,26,-1390.0451199999989
45,26,2312.810880000001
46,26,1132.3268800000042
47,26,4237.293880000001
48,26,3497.363880000001
49,26,7127.363880000001
50,26,6807.363880000001
23,27,-51910.03912
24,27,-52014.78212
25,27,-47026.61512
26,27,-47152.01212
27,27,-41592.848119999995
28,27,-40541.80512
29,27,-32904.84212
30,27,-30152.33312
31,27,-22082.279120000003
32,27,-22288.51312
33,27,-17564.202119999998
34,27,-17883.982119999997
35,27,-13093.792119999995
36,27,-13772.160119999997
37,27,-9188.63812
38,27,-9814.950119999998
39,27,-5452.143119999997
40,27,-6338.62312
41,27,-1778.9341199999944
42,27,-2785.3951199999974
43,27,796.2228799999975
44,27,-533.9101199999968
45,27,2771.231880000003
46,27,1293.599879999998
47,27,4543.43188
48,27,3405.5228800000004
49,27,6897.363880000001
50,27,6187.363880000001
51,27,10727.36388
26,28,-53540.94812
27,28,-48338.597120000006
28,28,-48810.28512
29,28,-40591.19412
30,28,-37741.77412
31,28,-29990.455119999995
32,28,-28948.02812
33,28,-24006.211120000004
34,28,-24543.81412
35,28,-19671.46412
36,28,-20454.12712
37,28,-15688.56412
38,28,-16724.511120000006
39,28,-12621.647120000005
40,28,-13348.169119999995
41,28,-8801.739120000002
42,28,-9789.461119999996
43,28,-5812.651119999991
44,28,-7392.323119999997
45,28,-3539.6611200000007
46,28,-5059.630119999998
47,28,-1395.1911199999995
48,28,-2326.423119999996
49,28,977.5828799999981
50,28,-41.0091199999988
51,28,4560.191880000002
52,28,5406.837880000003
53,28,10175.402879999998
54,28,9816.36388
27,29,-49070.36912
28,29,-49181.650120000006
29,29,-42420.487120000005
30,29,-39951.09011999999
31,29,-32189.027120000002
32,29,-30911.02112
33,29,-24755.709119999996
34,29,-25373.59812
35,29,-20398.966119999994
36,29,-21192.88412
37,29,-16396.907120000007
38,29,-17550.165119999994
39,29,-12810.450119999998
40,29,-13998.48112
41,29,-9111.863120000005
42,29,-10435.864119999995
43,29,-6360.894119999994
44,29,-7801.295120000006
45,29,-4003.3541200000072
46,29,-5019.444120000004
47,29,-1367.5431199999985
48,29,-2446.548120000003
49,29,1370.9138799999964
50,29,238.5278800000051
51,29,4661.605879999999
52,29,5379.665880000004
53,29,9775.98288
54,29,9667.032880000002
55,29,12451.32388
28,30,-54601.507119999995
29,30,-47948.314119999995
30,30,-46777.10612
31,30,-38731.54212
32,30,-37720.72412
33,30,-31221.40312
34,30,-30159.63212
35,30,-25507.560120000006
36,30,-26209.03812000001
37,30,-21365.526120000006
38,30,-22426.061119999995
39,30,-17681.38612
40,30,-18621.330120000002
41,30,-14143.602119999985
42,30,-15377.98112
43,30,-11596.920119999999
44,30,-13311.07212
45,30,-9002.209120000003
46,30,-10396.034119999993
47,30,-6471.200120000005
48,30,-7329.2301199999965
49,30,-3582.5861200000036
50,30,-4087.170119999999
51,30,206.0498800000023
52,30,767.0788800000046
53,30,5195.32588
54,30,4958.088879999999
55,30,8014.492880000002
56,30,7889.499879999999
29,31,-48152.636119999996
30,31,-46907.29811999999
31,31,-40599.65811999999
32,31,-38899.73612
33,31,-32835.46312
34,31,-31878.90112
35,31,-25550.86212
36,31,-26543.569120000004
37,31,-21621.649120000005
38,31,-22796.738120000005
39,31,-18073.987119999994
40,31,-19181.089119999993
41,31,-14168.884120000006
42,31,-15935.322119999986
43,31,-11606.35212
44,31,-13305.743119999988
45,31,-9016.83312
46,31,-10278.01512
47,31,-6633.823119999997
48,31,-7478.121120000007
49,31,-3504.2531199999976
50,31,-4243.418120000006
51,31,461.95288000000073
52,31,891.929880000007
53,31,5178.302879999999
54,31,5089.746880000002
55,31,8245.798879999998
56,31,8110.790880000004
57,31,10867.290880000004
30,32,-52642.636119999996
31,32,-45863.85712
32,32,-46038.13911999999
33,32,-39120.859119999994
34,32,-38217.67711999999
35,32,-31879.298120000003
36,32,-31096.351119999996
37,32,-26656.078119999995
38,32,-27810.14511999999
39,32,-22937.11212000001
40,32,-24394.573120000005
41,32,-19546.911120000008
42,32,-21335.279119999996
43,32,-17046.85212
44,32,-18495.47012
45,32,-14321.30312
46,32,-15713.310119999998
47,32,-11753.48211999999
48,32,-12860.980119999997
49,32,-8798.25012
50,32,-9343.110120000001
51,32,-4585.7641200000035
52,32,-4185.644120000001
53,32,403.26788000000306
54,32,311.0048799999968
55,32,3456.5158800000027
56,32,3299.5138800000022
57,32,6435.277879999998
58,32,5837.363880000001
32,33,-46229.69211999999
33,33,-41307.72012
34,33,-39709.86812
35,33,-33377.16312
36,33,-32674.523119999994
37,33,-26287.160119999997
38,33,-27601.179119999997
39,33,-22442.544120000002
40,33,-23948.878119999998
41,33,-19134.51112
42,33,-20949.44312
43,33,-16220.810119999998
44,33,-17889.48112
45,33,-13707.647119999998
46,33,-15179.220120000002
47,33,-11331.28511999999
48,33,-12758.484119999997
49,33,-8488.576120000002
50,33,-9422.948120000005
51,33,-4402.309119999994
52,33,-3991.245119999996
53,33,842.9448799999991
54,33,653.0948800000078
55,33,3910.5388800000037
56,33,3753.4968800000024
57,33,6751.566880000002
58,33,6349.761880000002
59,33,9277.586879999999
33,34,-46232.930120000005
34,34,-46762.08512
35,34,-40047.35012
36,34,-39281.536120000004
37,34,-33029.67311999999
38,34,-32585.198119999997
39,34,-27867.606119999993
40,34,-29294.096120000006
41,34,-24666.338120000004
42,34,-26106.43412
43,34,-21635.113119999998
44,34,-22879.51012000001
45,34,-18825.28412
46,34,-20449.955119999988
47,34,-16463.588120000004
48,34,-17847.50612000001
49,34,-13506.128119999998
50,34,-14591.690120000003
51,34,-9542.560119999998
52,34,-8862.717120000005
53,34,-3993.291119999998
54,34,-4394.578120000002
55,34,-1243.3491200000026
56,34,-1226.8921199999932
57,34,1551.5048799999968
58,34,1133.6698799999976
59,34,4104.66488
60,34,3287.175879999999
61,34,6287.598880000001
34,35,-46850.11412
35,35,-41942.26312
36,35,-40505.06212
37,35,-34104.386119999996
38,35,-33461.21212
39,35,-27490.215119999997
40,35,-28697.89812
41,35,-24099.870119999996
42,35,-25053.82212
43,35,-20581.09812
44,35,-22041.252119999994
45,35,-17853.378119999998
46,35,-19677.397120000012
47,35,-15747.858119999994
48,35,-17460.15812000001
49,35,-13333.935029999997
50,35,-14727.471120000006
51,35,-9335.551849999993
52,35,-8553.980119999997
53,35,-3592.927190000006
54,35,-3707.37611999999
55,35,-451.6471199999978
56,35,-714.1421200000004
57,35,2583.810880000008
58,35,1941.1028800000022
59,35,4976.692879999999
60,35,4143.365880000001
61,35,6995.14388
62,35,6016.283879999999
63,35,8889.045880000001
37,36,-40404.39412
38,36,-40144.48011999999
39,36,-34454.65712
40,36,-33240.32612
41,36,-29093.385120000003
42,36,-29841.830119999995
43,36,-25754.426119999993
44,36,-27100.664120000005
45,36,-23036.057119999987
46,36,-24558.955210000004
47,36,-20676.575119999998
48,36,-22394.16839000001
49,36,-18552.338120000004
50,36,-19649.33704999999
51,36,-14684.826470000004
52,36,-13086.92812
53,36,-8080.629120000001
54,36,-8492.891120000004
55,36,-5404.211119999996
56,36,-5546.392119999993
57,36,-2533.5891200000005
58,36,-2717.966120000001
59,36,318.3438799999967
60,36,-661.5271200000025
61,36,2324.171879999998
62,36,1091.7148800000032
63,36,3976.5088799999976
64,36,3756.5158800000027
65,36,6398.513880000002
38,37,-41411.33812
39,37,-35794.72512
40,37,-34354.434120000005
41,37,-28830.41812
42,37,-29141.971120000006
43,37,-25144.163119999994
44,37,-26119.67612
45,37,-22018.98211999999
46,37,-23685.14111999999
47,37,-19891.54912
48,37,-21512.360770000003
49,37,-18240.059119999994
50,37,-19637.14812
51,37,-14228.54035
52,37,-12974.958690000003
53,37,-7586.580359999996
54,37,-7678.65912
55,37,-4964.141119999989
56,37,-5110.586119999996
57,37,-1838.0561199999975
58,37,-1947.0991200000026
59,37,1348.7338800000034
60,37,455.50288000000364
61,37,2406.459880000006
62,37,1316.8878799999984
63,37,4013.868879999998
64,37,3808.4738800000014
65,37,6422.55688
66,37,6022.277879999998
67,37,8566.674880000002
39,38,-42126.079119999995
40,38,-41066.58512
41,38,-35183.30012
42,38,-34281.10312
43,38,-29867.835120000007
44,38,-31004.536120000008
45,38,-27227.33312
46,38,-28728.119120000007
47,38,-25040.254119999987
48,38,-26771.29689
49,38,-23180.581550000006
50,38,-24781.16488
51,38,-19333.275119999995
52,38,-17794.55212000001
53,38,-12083.384119999992
54,38,-12513.095120000002
55,38,-9877.15912
56,38,-10171.863119999998
57,38,-7032.76512
58,38,-6709.411120000008
59,38,-3515.373119999993
60,38,-4235.03911999999
61,38,-2545.7081199999993
62,38,-3671.3931199999897
63,38,-823.8201200000003
64,38,-980.7061200000062
65,38,1632.1508799999974
66,38,1270.004880000004
67,38,4124.39788
68,38,3637.363880000001
69,38,6177.363880000001
40,39,-42345.57111999999
41,39,-36440.79811999999
42,39,-35085.55511999999
43,39,-29446.733119999994
44,39,-30823.890120000007
45,39,-26423.012119999996
46,39,-28073.108119999994
47,39,-24004.04412000001
48,39,-25985.827120000005
49,39,-22472.642119999993
50,39,-24506.691120000007
51,39,-19010.67412
52,39,-17615.983119999994
53,39,-12186.58312
54,39,-12474.199119999994
55,39,-10035.085119999992
56,39,-10228.545119999999
57,39,-7203.290120000009
58,39,-6598.151119999999
59,39,-2992.5241200000055
60,39,-3849.673119999996
61,39,-2182.120119999996
62,39,-3580.7531199999976
63,39,-942.541119999998
64,39,-1438.6831200000051
65,39,1358.7908799999968
66,39,1096.356880000003
67,39,3785.0238800000043
68,39,3345.6378799999984
69,39,5826.363880000001
70,39,5397.363880000001
41,40,-42017.05412
42,40,-41336.699120000005
43,40,-35694.295119999995
44,40,-35754.32811999999
45,40,-31704.922119999992
46,40,-32917.81712000001
47,40,-29210.099120000003
48,40,-30637.449119999994
49,40,-27146.11712
50,40,-28743.628120000012
51,40,-23412.47312
52,40,-21940.12912
53,40,-16626.63612
54,40,-16958.67812
55,40,-14589.736120000005
56,40,-15212.433120000005
57,40,-12293.057120000001
58,40,-11821.563119999995
59,40,-8156.5091199999915
60,40,-8990.76012000001
61,40,-6968.279119999996
62,40,-7932.817119999996
63,40,-5060.141120000004
64,40,-5562.031120000003
65,40,-2572.2431199999955
66,40,-3080.639119999996
67,40,-247.08911999999327
68,40,-889.9581199999993
69,40,1851.168880000001
70,40,1182.5618799999975
71,40,4067.1638800000037
72,40,3747.277879999998
73,40,6477.363880000001
42,41,-42295.54612
43,41,-36966.47812
44,41,-36082.32011999999
45,41,-31106.69712
46,41,-32507.36912
47,41,-28203.26411999999
48,41,-29883.57412000001
49,41,-26117.614120000002
50,41,-27765.72012
51,41,-22423.412119999997
52,41,-21146.642119999993
53,41,-15703.112119999994
54,41,-16121.829119999999
55,41,-13331.387120000003
56,41,-14033.561120000002
57,41,-10872.359119999997
58,41,-10933.28012
59,41,-7817.9021200000025
60,41,-9064.018119999997
61,41,-6247.872120000004
62,41,-7651.351119999996
63,41,-4392.767120000008
64,41,-5103.85212
65,41,-2001.5661199999922
66,41,-2535.653119999999
67,41,440.1688800000011
68,41,-287.4611199999963
69,41,2296.7468800000097
70,41,1556.6488800000043
71,41,4323.177879999999
72,41,3587.1768800000027
73,41,6377.363880000001
74,41,5627.363880000001
75,41,8307.36388
43,42,-42332.396120000005
44,42,-42553.563120000006
45,42,-37177.45311999999
46,42,-37259.189119999995
47,42,-33467.52812
48,42,-34644.84912
49,42,-30956.613119999998
50,42,-32226.527120000002
51,42,-26963.05811999999
52,42,-25631.012120000003
53,42,-20248.392120000008
54,42,-20779.19312
55,42,-17665.98112
56,42,-18436.968119999994
57,42,-14888.306119999997
58,42,-15903.451119999987
59,42,-12334.719119999998
60,42,-13682.551119999993
61,42,-10752.374120000011
62,42,-11913.463120000004
63,42,-8869.504120000001
64,42,-9771.670119999999
65,42,-6401.308120000005
66,42,-7115.680120000008
67,42,-4051.9541199999985
68,42,-4755.619119999992
69,42,-1799.621120000007
70,42,-2588.0721200000007
71,42,232.0388800000037
72,42,-563.7041199999985
73,42,2118.91288
74,42,1247.6578800000025
75,42,3964.363880000001
76,42,2701.363880000001
77,42,5417.363880000001
44,43,-43202.688120000006
45,43,-38042.93712
46,43,-37807.49312
47,43,-32527.332119999995
48,43,-33759.86912
49,43,-30184.538119999994
50,43,-31508.919119999995
51,43,-25999.75712
52,43,-24947.268119999997
53,43,-19380.68212
54,43,-19909.313119999995
55,43,-16494.46512000001
56,43,-17349.941120000007
57,43,-13938.716120000001
58,43,-14861.844119999998
59,43,-11488.166119999998
60,43,-12788.44312
61,43,-9535.170119999999
62,43,-11161.771119999994
63,43,-7823.12611999999
64,43,-8958.060119999998
65,43,-5742.214120000008
66,43,-6562.899119999991
67,43,-3515.7961200000027
68,43,-4428.85612
69,43,-1328.939119999999
70,43,-2168.860120000001
71,43,887.942880000006
72,43,-70.82011999999304
73,43,2864.576880000004
74,43,1822.6598800000029
75,43,4636.280880000002
76,43,3177.23488
77,43,5857.363880000001
78,43,4397.363880000001
79,43,7272.363880000001
46,44,-44166.43712
47,44,-38731.469119999994
48,44,-38809.84711999999
49,44,-34789.359119999994
50,44,-35727.14311999999
51,44,-30588.585120000007
52,44,-29315.398119999987
53,44,-23922.584120000003
54,44,-24679.775119999995
55,44,-21170.457119999995
56,44,-22194.808120000005
57,44,-18516.22712
58,44,-19657.941119999992
59,44,-15997.376120000004
60,44,-17455.08312
61,44,-14045.474120000003
62,44,-15506.545119999999
63,44,-12153.931119999997
64,44,-13441.384119999992
65,44,-10017.380120000005
66,44,-11184.109119999997
67,44,-7928.7101199999925
68,44,-8944.816120000007
69,44,-5706.581120000006
70,44,-6632.7971200000065
71,44,-3480.988119999998
72,44,-4501.278120000006
73,44,-1403.2791199999956
74,44,-2406.894120000001
75,44,674.1218800000024
76,44,-975.7961200000027
77,44,2060.165880000004
78,44,697.3638800000008
79,44,3557.497879999999
80,44,2147.363880000001
81,44,4677.363880000001
47,45,-39431.73112
48,45,-38984.44611999999
49,45,-34271.16412
50,45,-35501.44211999999
51,45,-29728.08712
52,45,-28774.287119999997
53,45,-23134.43512
54,45,-23921.306119999997
55,45,-20412.781120000003
56,45,-21372.203119999995
57,45,-17713.28012
58,45,-18742.196119999997
59,45,-15199.017119999993
60,45,-16536.926120000007
61,45,-13110.169119999995
62,45,-14588.442119999996
63,45,-11266.249119999997
64,45,-12769.233120000008
65,45,-9447.114120000002
66,45,-10840.023120000002
67,45,-7542.78412
68,45,-8923.694120000004
69,45,-5531.872119999989
70,45,-6781.364120000002
71,45,-3388.0321199999926
72,45,-4613.572120000001
73,45,-1198.4501199999977
74,45,-2541.548120000003
75,45,625.7218799999937
76,45,-985.4931199999955
77,45,2256.9678800000074
78,45,849.7008800000003
79,45,3763.5328800000025
80,45,2457.1118800000004
81,45,5057.363880000001
82,45,4087.363880000001
83,45,8307.36388
48,46,-44714.91712
49,46,-39708.549119999996
50,46,-39924.056119999994
51,46,-34042.488119999995
52,46,-32951.97612000001
53,46,-27421.47012
54,46,-28288.883120000002
55,46,-24862.29812000001
56,46,-25907.630120000005
57,46,-22265.23211999999
58,46,-23291.05712
59,46,-19757.839119999993
60,46,-20933.709120000003
61,46,-17444.442119999996
62,46,-18724.45211999999
63,46,-15342.420119999999
64,46,-16866.748119999993
65,46,-13409.091120000001
66,46,-15006.369120000007
67,46,-11517.68912
68,46,-13049.253119999998
69,46,-9541.633120000002
70,46,-11042.851119999996
71,46,-7583.939119999999
72,46,-8988.330119999988
73,46,-5367.995119999996
74,46,-6868.43812000001
75,46,-3679.2141199999933
76,46,-5107.293119999998
77,46,-2169.553119999993
78,46,-3436.518119999997
79,46,-534.0551199999936
80,46,-1702.6851199999983
81,46,1157.3028799999993
82,46,187.3638800000008
83,46,4627.363880000001
84,46,5837.363880000001
85,46,9987.36388
49,47,-40214.28112
50,47,-39990.66312
51,47,-33637.06112
52,47,-32121.09211999999
53,47,-26644.180119999994
54,47,-27545.888120000007
55,47,-24194.743120000003
56,47,-25108.872120000004
57,47,-21599.404119999996
58,47,-22561.858119999994
59,47,-19116.64412
60,47,-20215.487119999994
61,47,-16617.275119999995
62,47,-17871.74212
63,47,-14347.51912
64,47,-15853.753119999998
65,47,-12378.396120000009
66,47,-13917.214119999993
67,47,-10498.590119999997
68,47,-12081.937120000006
69,47,-8670.36612000001
70,47,-10240.074120000008
71,47,-6983.949119999994
72,47,-8369.998120000007
73,47,-5092.499119999997
74,47,-6568.528120000006
75,47,-3291.389119999996
76,47,-4637.380120000005
77,47,-1760.2031199999947
78,47,-3248.392119999993
79,47,-163.2001199999977
80,47,-1444.5461200000027
81,47,1403.0908799999997
82,47,728.562879999994
83,47,5197.608879999996
84,47,6229.505880000001
85,47,10574.960880000002
86,47,9989.123880000003
50,48,-45689.06112
51,48,-38683.76811999999
52,48,-36431.23112
53,48,-30603.10212
54,48,-31624.192120000003
55,48,-28249.361120000005
56,48,-29416.13112000001
57,48,-25844.088120000004
58,48,-27092.114120000002
59,48,-23492.37912
60,48,-24786.90912
61,48,-21080.29912
62,48,-22370.777120000002
63,48,-18905.357120000004
64,48,-20247.524120000005
65,48,-16793.87211999999
66,48,-18167.44312
67,48,-14859.993119999988
68,48,-16285.31812
69,48,-13024.676119999993
70,48,-14594.527120000002
71,48,-11176.540119999994
72,48,-12871.824120000008
73,48,-9517.815120000003
74,48,-11027.27912000001
75,48,-7722.22612000001
76,48,-9270.711119999996
77,48,-6061.692119999996
78,48,-7530.5851199999925
79,48,-4471.527119999988
80,48,-5571.504120000001
81,48,-2384.881120000002
82,48,-3070.1161200000024
83,48,1480.4928799999943
84,48,3298.464880000003
85,48,7741.732880000007
86,48,6808.917879999997
87,48,8727.36388
52,49,-36711.53711999999
53,49,-29689.386119999992
54,49,-30469.409119999993
55,49,-27390.41512
56,49,-28691.218119999994
57,49,-25123.729119999993
58,49,-26371.302119999997
59,49,-22908.76611999999
60,49,-24119.923119999996
61,49,-20542.656120000003
62,49,-21904.50612000001
63,49,-18290.77011999999
64,49,-19571.17812
65,49,-16057.39412
66,49,-17350.864120000002
67,49,-13832.65912
68,49,-15051.825119999998
69,49,-11844.834119999989
70,49,-13443.552119999997
71,49,-10217.53412
72,49,-11912.244119999992
73,49,-8616.25612000001
74,49,-10375.044119999995
75,49,-7070.461120000011
76,49,-8740.26112
77,49,-5720.5381199999865
78,49,-7128.87611999999
79,49,-4317.618120000003
80,49,-5507.947120000001
81,49,-2687.736120000005
82,49,-3576.408120000011
83,49,1578.0268800000085
84,49,3431.9428799999987
85,49,8433.917880000005
86,49,7621.25388
87,49,9321.122880000006
88,49,8659.615880000001
54,50,-36669.693119999996
55,50,-32810.63712
56,50,-34201.33412
57,50,-30639.38412
58,50,-31739.284119999986
59,50,-28119.568119999985
60,50,-29539.28812
61,50,-25830.23112
62,50,-27347.940120000003
63,50,-23634.018119999997
64,50,-25103.39812
65,50,-21759.516120000004
66,50,-23171.99912000001
67,50,-19536.96612
68,50,-20973.45911999999
69,50,-17568.05712
70,50,-19244.173119999996
71,50,-15863.723119999999
72,50,-17665.45611999999
73,50,-14358.162119999997
74,50,-16039.906120000003
75,50,-12813.403120000006
76,50,-14538.70211999999
77,50,-11357.120119999996
78,50,-13110.931119999997
79,50,-10034.93912
80,50,-11645.001120000004
81,50,-8777.831119999992
82,50,-10403.503119999998
83,50,-5035.114120000002
84,50,-2941.113119999998
85,50,2148.6248800000067
86,50,1706.3678800000016
87,50,3397.6958799999957
88,50,2854.25388
89,50,4607.755880000001
90,50,4017.363880000001
55,51,-32989.10612000001
56,51,-33984.37512000001
57,51,-30368.21812
58,51,-31736.622120000004
59,51,-27810.705119999988
60,51,-29263.984119999997
61,51,-25511.78812
62,51,-26972.115120000006
63,51,-23071.734119999997
64,51,-24799.01112
65,51,-21074.980119999997
66,51,-22719.43311999999
67,51,-18875.047119999992
68,51,-20522.675120000004
69,51,-16869.01112
70,51,-18559.25412
71,51,-15114.681119999997
72,51,-16822.415119999994
73,51,-13448.423119999996
74,51,-15226.752119999994
75,51,-12011.629119999987
76,51,-13819.13612
77,51,-10708.320119999993
78,51,-12491.523120000002
79,51,-9434.52912000001
80,51,-11119.16411999999
81,51,-8424.95812
82,51,-9855.127120000008
83,51,-4973.44312
84,51,-2895.8351199999925
85,51,1884.2258799999945
86,51,1525.7618799999946
87,51,3632.642879999996
88,51,3111.1258800000032
89,51,5163.358879999996
90,51,4522.4438800000025
91,51,6614.812880000001
56,52,-38624.31212
57,52,-34428.03512
58,52,-35601.45711999999
59,52,-32057.618119999996
60,52,-33242.310119999995
61,52,-29535.878119999998
62,52,-30968.97312
63,52,-27085.88612
64,52,-28767.494120000007
65,52,-24900.331120000006
66,52,-26412.740120000006
67,52,-22886.607120000004
68,52,-24533.740120000006
69,52,-20908.016120000004
70,52,-22708.758120000002
71,52,-19067.965119999997
72,52,-20587.49612
73,52,-17221.84211999999
74,52,-18842.24912000001
75,52,-15587.109119999997
76,52,-17225.934119999994
77,52,-14164.30312
78,52,-15757.566120000007
79,52,-12846.48211999999
80,52,-14394.645120000005
81,52,-11637.042120000002
82,52,-12972.88612
83,52,-8014.124119999997
84,52,-6524.475119999992
85,52,-1667.2181200000086
86,52,-2293.4061199999887
87,52,8.551879999995435
88,52,-530.1751199999962
89,52,1658.327880000008
90,52,913.5868799999989
91,52,3254.0298799999982
92,52,2440.332879999998
93,52,4637.363880000001
57,53,-33978.12311999999
58,53,-34926.88511999999
59,53,-31283.339120000008
60,53,-32742.153120000006
61,53,-28755.22312
62,53,-30276.815119999996
63,53,-26477.39111999999
64,53,-27924.44712
65,53,-24066.815120000003
66,53,-25735.020120000005
67,53,-21810.729120000007
68,53,-23593.797120000007
69,53,-20049.484120000012
70,53,-21604.22712
71,53,-18152.203119999995
72,53,-19730.402120000002
73,53,-16385.72712
74,53,-17926.49212
75,53,-14734.279249999996
76,53,-16328.929120000004
77,53,-13218.28984999999
78,53,-14889.293370000003
79,53,-11965.66411999999
80,53,-13586.363199999996
81,53,-10907.101610000002
82,53,-12278.233119999994
83,53,-7562.026690000002
84,53,-6085.53911999999
85,53,-1693.3761200000044
86,53,-2230.186120000002
87,53,223.3848800000087
88,53,-424.71612000000096
89,53,2040.8558799999992
90,53,1264.6728799999946
91,53,3757.011880000002
92,53,2930.2458799999986
93,53,5189.66488
94,53,4150.70088
59,54,-35446.26212
60,54,-36813.53512
61,54,-33034.85412
62,54,-34503.58511999999
63,54,-30628.983119999994
64,54,-32178.703119999995
65,54,-28444.02312
66,54,-29905.69312
67,54,-26318.57212
68,54,-27608.975119999992
69,54,-24288.552119999997
70,54,-25665.272119999998
71,54,-22298.340119999997
72,54,-23547.962990000004
73,54,-20373.777120000002
74,54,-21652.48739
75,54,-18598.678869999992
76,54,-20091.33712
77,54,-17057.161039999995
78,54,-18521.85663
79,54,-15730.645120000005
80,54,-17115.777550000003
81,54,-14485.058120000005
82,54,-15680.641120000004
83,54,-10944.094119999998
84,54,-9776.02512000001
85,54,-5241.450119999998
86,54,-6242.069119999989
87,54,-3638.8571199999897
88,54,-4322.546120000003
89,54,-1868.167120000002
90,54,-2500.381120000002
91,54,39.54588000000149
92,54,-826.2241199999953
93,54,1511.7878799999999
94,54,517.7438799999982
95,54,2777.4368799999975
96,54,1778.3138799999979
60,55,-36131.636119999996
61,55,-32280.19912
62,55,-33715.73711999999
63,55,-30172.013119999992
64,55,-30989.791119999998
65,55,-27831.285120000004
66,55,-28654.882120000006
67,55,-25398.756119999995
68,55,-26441.44612000001
69,55,-23274.744119999992
70,55,-24577.415119999994
71,55,-21403.53312000001
72,55,-22713.687120000006
73,55,-19404.49612
74,55,-20823.73112
75,55,-17673.234119999997
76,55,-19137.344119999998
77,55,-16038.55312
78,55,-17534.62112
79,55,-14598.898119999987
80,55,-16171.080120000002
81,55,-13531.489120000002
82,55,-14837.753119999998
83,55,-10142.585120000007
84,55,-9122.323120000005
85,55,-4930.56812
86,55,-5706.069119999989
87,55,-3389.2871199999972
88,55,-4085.663120000001
89,55,-1571.7411200000024
90,55,-2259.8551199999965
91,55,314.11388000000807
92,55,-546.5261199999914
93,55,1812.682880000004
94,55,821.3998800000008
95,55,3232.274880000001
96,55,2407.9838800000034
97,55,4617.16288
62,56,-38292.636119999996
63,56,-34461.73212
64,56,-35411.28512
65,56,-31867.483119999994
66,56,-33181.58812
67,56,-29607.599120000003
68,56,-30689.422119999992
69,56,-27160.612119999994
70,56,-28553.93212
71,56,-25201.099120000003
72,56,-26538.316120000007
73,56,-23307.38612
74,56,-24773.97312
75,56,-21498.05312
76,56,-22950.16512000001
77,56,-19926.883120000002
78,56,-21369.06012
79,56,-18498.89911999999
80,56,-19811.056119999997
81,56,-17220.57912
82,56,-18366.95412
83,56,-13915.68912
84,56,-12897.133120000002
85,56,-8652.747120000004
86,56,-9672.834120000003
87,56,-7149.997120000004
88,56,-7885.816120000007
89,56,-5487.35212
90,56,-6159.245119999996
91,56,-3571.347120000002
92,56,-4466.37312
93,56,-2294.8591200000046
94,56,-3323.69312
95,56,-862.7151199999971
96,56,-1441.489120000002
97,56,697.7028800000007
98,56,227.3638800000008
64,57,-34512.636119999996
65,57,-30955.63612
66,57,-32103.63612
67,57,-28527.253119999998
68,57,-29616.128119999998
69,57,-26200.112119999994
70,57,-27380.752119999994
71,57,-23947.510119999995
72,57,-25486.83312
73,57,-22236.085119999992
74,57,-23624.397119999998
75,57,-20443.301119999993
76,57,-21928.580120000002
77,57,-18892.607120000004
78,57,-20367.87112
79,57,-17347.226119999996
80,57,-18667.19312
81,57,-16147.494119999992
82,57,-17446.252119999994
83,57,-12888.828119999995
84,57,-12114.739120000002
85,57,-8092.359119999997
86,57,-8883.045119999999
87,57,-6459.400120000009
88,57,-7371.583119999999
89,57,-4931.868120000003
90,57,-5753.974120000003
91,57,-3225.5101199999954
92,57,-4348.655119999999
93,57,-2055.3591199999973
94,57,-2783.054119999997
95,57,-585.7731200000017
96,57,-977.578120000002
97,57,1307.3638800000008
98,57,837.3638800000008
99,57,3027.363880000001
100,57,2567.363880000001
65,58,-34877.636119999996
66,58,-36278.636119999996
67,58,-32570.63612
68,58,-33812.20112
69,58,-30051.980119999997
70,58,-31352.561120000002
71,58,-27887.14012
72,58,-29234.785120000004
73,58,-26077.518119999997
74,58,-27435.860119999987
75,58,-24260.195119999993
76,58,-25748.070119999993
77,58,-22821.353120000003
78,58,-24123.186120000002
79,58,-21125.529119999996
80,58,-22368.082119999995
81,58,-19898.563119999995
82,58,-21087.99612
83,58,-16745.042120000002
84,58,-15989.305119999994
85,58,-11734.48112
86,58,-12788.211119999996
87,58,-10141.495119999996
88,58,-11017.916119999998
89,58,-8530.548119999996
90,58,-9867.574119999994
91,58,-7368.464120000008
92,58,-8454.047119999992
93,58,-6328.32111999999
94,58,-6822.127119999994
95,58,-4272.955120000002
96,58,-4604.5661199999995
97,58,-2354.1461200000012
98,58,-3103.0341200000003
99,58,-657.3011200000001
100,58,-1233.3291199999985
101,58,952.1698799999976
67,59,-31636.63612
68,59,-32615.63612
69,59,-29093.400119999995
70,59,-30006.202120000005
71,59,-26788.100120000006
72,59,-28068.300120000004
73,59,-24773.861120000005
74,59,-26312.187120000006
75,59,-23244.821119999997
76,59,-24746.128119999998
77,59,-21836.614120000002
78,59,-23130.830120000002
79,59,-20072.20611999999
80,59,-21387.319120000004
81,59,-18811.681119999997
82,59,-20140.239120000002
83,59,-15671.757119999998
84,59,-15019.316119999992
85,59,-10943.16912000001
86,59,-11766.316120000007
87,59,-9068.094119999998
88,59,-10154.725119999992
89,59,-7752.1721200000065
90,59,-9035.215120000012
91,59,-7035.0791199999985
92,59,-8546.782119999993
93,59,-6220.755119999998
94,59,-6767.943119999993
95,59,-3852.5751199999977
96,59,-4227.591119999994
97,59,-2012.341120000001
98,59,-2293.646119999994
99,59,-90.50612000000183
100,59,-418.51912000000084
101,59,1492.4868800000004
102,59,1091.3708799999986
68,60,-36922.636119999996
69,60,-33207.636119999996
70,60,-34518.87512
71,60,-30730.676119999993
72,60,-32098.45112
73,60,-28705.016120000004
74,60,-30161.07912
75,60,-26948.603119999996
76,60,-28578.02512000001
77,60,-25664.27612
78,60,-26989.895120000005
79,60,-24086.70812
80,60,-25485.512120000003
81,60,-22833.128119999998
82,60,-23880.64511999999
83,60,-19622.014119999996
84,60,-18749.128120000012
85,60,-14613.976119999996
86,60,-15652.436120000002
87,60,-13021.92412
88,60,-14096.342120000005
89,60,-11476.187120000006
90,60,-12956.710120000007
91,60,-11021.415120000009
92,60,-12694.963120000004
93,60,-10086.75612000001
94,60,-10467.770120000005
95,60,-7778.429120000004
96,60,-8078.164119999998
97,60,-5696.747120000004
98,60,-5810.912119999997
99,60,-3569.527119999995
100,60,-3761.0081200000022
101,60,-1818.2851199999968
102,60,-2257.9971199999964
103,60,-136.04711999999927
69,61,-32462.63612
70,61,-33582.636119999996
71,61,-30070.63612
72,61,-31270.289119999998
73,61,-27766.544119999995
74,61,-28973.965119999997
75,61,-25936.559119999994
76,61,-27358.27211999999
77,61,-24246.10711999999
78,61,-25652.009120000006
79,61,-22856.910120000004
80,61,-24285.339119999993
81,61,-21828.227119999985
82,61,-23169.34112
83,61,-18576.82212
84,61,-17893.00712
85,61,-13631.370119999996
86,61,-14533.21311999999
87,61,-12012.153119999992
88,61,-12940.992119999999
89,61,-10403.90512
90,61,-12392.998119999993
91,61,-10345.768119999997
92,61,-12214.15912
93,61,-9646.26112
94,61,-10522.58312
95,61,-7853.919120000002
96,61,-8248.546119999995
97,61,-5888.044119999995
98,61,-6019.333120000007
99,61,-3785.42612
100,61,-4021.376119999997
101,61,-1949.4641200000005
102,61,-2430.5931200000014
103,61,-123.58311999999933
104,61,-213.02411999999822
70,62,-37769.636119999996
71,62,-33909.636119999996
72,62,-35318.636119999996
73,62,-31763.85812
74,62,-33153.53512
75,62,-29986.291119999998
76,62,-31396.408119999996
77,62,-28376.961120000004
78,62,-29848.905120000007
79,62,-26678.544120000002
80,62,-28138.621119999985
81,62,-25734.124119999997
82,62,-26799.33212000001
83,62,-22552.732120000004
84,62,-21519.821119999997
85,62,-17417.16011999999
86,62,-18361.100119999992
87,62,-15733.923119999996
88,62,-16896.49011999999
89,62,-14277.79912
90,62,-16113.244119999992
91,62,-14049.597119999995
92,62,-15709.700119999998
93,62,-12966.376120000004
94,62,-13765.004120000001
95,62,-11001.953119999995
96,62,-11311.641120000004
97,62,-8891.351119999996
98,62,-9105.347120000002
99,62,-6771.293119999998
100,62,-7028.240119999999
101,62,-4950.647119999998
102,62,-5345.006119999995
103,62,-3078.817119999996
104,62,-3360.4901199999986
105,62,-743.5331199999964
106,62,-1033.6361199999992
72,63,-34230.636119999996
73,63,-30856.63612
74,63,-32038.54012
75,63,-28802.31212
76,63,-30326.68712
77,63,-27468.581120000006
78,63,-28436.283119999996
79,63,-25669.288119999994
80,63,-27159.71612
81,63,-24802.289120000005
82,63,-25902.849120000003
83,63,-21500.728120000003
84,63,-20760.62112
85,63,-16354.295119999999
86,63,-17227.025119999995
87,63,-14665.58612000001
88,63,-15668.561120000002
89,63,-13267.085119999992
90,63,-15321.182120000001
91,63,-13173.699119999994
92,63,-15078.029119999996
93,63,-12519.122120000004
94,63,-13531.47212000001
95,63,-10877.764119999996
96,63,-11362.126120000004
97,63,-8946.116120000002
98,63,-9372.380119999998
99,63,-6923.520120000005
100,63,-7210.3131200000025
101,63,-5094.062119999999
102,63,-5483.148120000002
103,63,-3197.9481199999973
104,63,-3386.85412
105,63,-1021.7101199999997
106,63,-1026.9041199999956
107,63,1147.3638800000008
73,64,-34303.636119999996
74,64,-35902.636119999996
75,64,-32807.636119999996
76,64,-34324.91412
77,64,-31236.86712
78,64,-32619.880119999998
79,64,-29833.10412
80,64,-31342.62512
81,64,-28650.07012
82,64,-29860.27112
83,64,-25099.87112
84,64,-24648.411119999993
85,64,-20527.135119999995
86,64,-21369.740120000006
87,64,-18842.917120000002
88,64,-19744.15112
89,64,-17402.039120000005
90,64,-19131.69011999999
91,64,-16899.324119999994
92,64,-18521.262120000003
93,64,-15716.093119999994
94,64,-16741.59512
95,64,-13940.645120000005
96,64,-14613.813119999995
97,64,-12116.196120000004
98,64,-12586.882119999998
99,64,-10069.449119999994
100,64,-9956.776120000006
101,64,-8072.664119999998
102,64,-8408.579119999999
103,64,-6329.519120000001
104,64,-6483.858120000001
105,64,-4149.554119999997
106,64,-4211.455120000002
107,64,-1872.6361199999992
108,64,-2402.636119999999
75,65,-31693.914119999998
76,65,-32983.47912
77,65,-29872.158119999996
78,65,-31179.828120000002
79,65,-28390.82412
80,65,-30373.380119999998
81,65,-27336.18912
82,65,-28642.703119999995
83,65,-24124.65512
84,65,-23435.228119999996
85,65,-19389.028120000006
86,65,-20072.18711999999
87,65,-17550.32212
88,65,-18703.858119999994
89,65,-16181.38011999999
90,65,-18249.878119999998
91,65,-15839.631119999995
92,65,-17750.54512
93,65,-15084.133120000002
94,65,-16250.54912
95,65,-13571.95812
96,65,-14437.194120000004
97,65,-12349.759119999992
98,65,-12682.896119999994
99,65,-10066.450120000005
100,65,-10350.627120000008
101,65,-7983.765119999993
102,65,-8413.429120000004
103,65,-6339.346119999998
104,65,-6711.185119999998
105,65,-4294.238119999998
106,65,-4316.626119999997
107,65,-2122.636119999999
108,65,-2642.636119999999
109,65,-352.6361199999992
76,66,-36945.636119999996
77,66,-33947.58512
78,66,-35462.727119999996
79,66,-32337.243120000003
80,66,-34088.04312
81,66,-31218.57012
82,66,-32763.806119999997
83,66,-28079.525120000002
84,66,-27461.088120000004
85,66,-23249.170120000006
86,66,-24314.707120000003
87,66,-21663.08712
88,66,-22932.01512
89,66,-20286.501119999997
90,66,-22032.64412
91,66,-19527.506119999995
92,66,-21011.385119999995
93,66,-18476.994120000007
94,66,-19627.66512000001
95,66,-16868.51012000001
96,66,-17941.38011999999
97,66,-15327.200119999998
98,66,-16069.72212000001
99,66,-13376.898119999994
100,66,-13746.590119999997
101,66,-11156.07012
102,66,-11630.69512
103,66,-9459.187119999999
104,66,-9793.40512
105,66,-7356.626119999997
106,66,-7665.122119999996
107,66,-5364.814119999999
108,66,-5788.636119999999
109,66,-3521.636119999999
110,66,-3882.636119999999
77,67,-32822.15712
78,67,-34102.74911999999
79,67,-30772.863119999998
80,67,-32659.73712
81,67,-29811.783119999996
82,67,-31180.67612
83,67,-26609.531119999996
84,67,-26023.76112
85,67,-21915.94912
86,67,-22888.42012
87,67,-20281.796119999995
88,67,-21715.753119999998
89,67,-19076.065120000003
90,67,-20766.326119999994
91,67,-18118.349119999995
92,67,-20058.608119999994
93,67,-17221.24612
94,67,-18777.81011999999
95,67,-16119.023119999987
96,67,-17319.36512
97,67,-14788.943119999993
98,67,-15873.240119999999
99,67,-13270.402119999995
100,67,-13900.742119999999
101,67,-11277.722120000002
102,67,-11649.39012
103,67,-9390.919120000002
104,67,-9739.295119999999
105,67,-7519.122119999996
106,67,-7775.814119999999
107,67,-5530.058119999998
108,67,-5788.636119999999
109,67,-3583.636119999999
110,67,-3770.636119999999
111,67,-1641.6361199999992
78,68,-38305.655119999996
79,68,-35167.450119999994
80,68,-36566.63312
81,68,-33909.85012
82,68,-35208.92512
83,68,-30468.92612
84,68,-30151.85412
85,68,-25837.705120000002
86,68,-27027.33112
87,68,-24379.198119999997
88,68,-25927.177119999997
89,68,-22930.363119999998
90,68,-24612.03412
91,68,-21994.47712
92,68,-23503.61212000001
93,68,-20773.53012
94,68,-22175.80912000001
95,68,-19411.334120000003
96,68,-20607.72712
97,68,-17935.57612
98,68,-19157.838119999997
99,68,-16501.868120000003
100,68,-17245.389119999996
101,68,-14520.682120000001
102,68,-14937.771120000001
103,68,-12585.804119999997
104,68,-12829.900120000002
105,68,-10586.365119999999
106,68,-10718.082120000003
107,68,-8538.569119999996
108,68,-8909.115119999999
109,68,-6690.080120000002
110,68,-7031.314119999999
111,68,-4652.636119999999
112,68,-5082.636119999999
81,69,-32403.63612
82,69,-33584.24911999999
83,69,-29032.91512
84,69,-28572.89412
85,69,-24299.39212
86,69,-25608.55712
87,69,-23044.96012
88,69,-24349.30112
89,69,-21580.298119999996
90,69,-23293.128120000005
91,69,-20434.053119999993
92,69,-22207.834119999996
93,69,-19456.891120000004
94,69,-21036.80112
95,69,-18230.416119999998
96,69,-19778.78212
97,69,-17016.94312
98,69,-18390.36512
99,69,-15861.309120000002
100,69,-16827.39012
101,69,-14358.08312
102,69,-14977.380119999998
103,69,-12752.26112
104,69,-13091.885120000003
105,69,-10751.701120000002
106,69,-10901.95812
107,69,-8569.437119999999
108,69,-9017.080120000002
109,69,-6891.314119999999
110,69,-7056.232119999997
111,69,-4635.497119999996
112,69,-4942.636119999999
113,69,-2912.636119999999
82,70,-37642.022119999994
83,70,-33002.636119999996
84,70,-32652.72912
85,70,-28269.78812
86,70,-29741.17412
87,70,-27017.49212
88,70,-28452.70612
89,70,-25536.33512
90,70,-27093.66312
91,70,-24268.275120000002
92,70,-25693.857119999997
93,70,-22874.165119999994
94,70,-24323.048120000003
95,70,-21646.609119999997
96,70,-23093.96612
97,70,-20290.28812
98,70,-21701.516119999997
99,70,-18991.88212
100,70,-19833.733119999994
101,70,-17366.927119999997
102,70,-18091.85812
103,70,-15865.40512
104,70,-16351.081119999999
105,70,-13957.178119999993
106,70,-14063.666119999998
107,70,-11963.362120000002
108,70,-12437.442120000003
109,70,-10398.73312
110,70,-10524.755119999998
111,70,-8171.62312
112,70,-8366.160119999997
113,70,-6345.222120000002
114,70,-6972.636119999999
115,70,-4906.522119999998
84,71,-31387.692119999996
85,71,-27112.186120000002
86,71,-28272.45412
87,71,-25535.322119999993
88,71,-26996.245119999996
89,71,-24310.179120000004
90,71,-25852.37912
91,71,-23035.648119999994
92,71,-24618.234119999997
93,71,-21616.586119999996
94,71,-23315.56412
95,71,-20345.26712
96,71,-22033.404120000003
97,71,-19356.47912
98,71,-20757.402120000002
99,71,-18088.313119999995
100,71,-19254.20612
101,71,-16624.85212
102,71,-17592.29912
103,71,-15310.696119999997
104,71,-15896.524119999998
105,71,-13680.38612
106,71,-14044.776119999999
107,71,-11904.08912
108,71,-12320.904119999996
109,71,-10383.74612
110,71,-10477.014119999996
111,71,-8133.160119999997
112,71,-8455.792120000002
113,71,-6393.000120000001
114,71,-6819.089120000001
115,71,-4963.183119999998
116,71,-5592.832120000003
117,71,-3538.4221199999993
85,72,-31009.63612
86,72,-32244.035119999997
87,72,-29399.29412
88,72,-30963.383120000002
89,72,-28019.296120000003
90,72,-29487.36212
91,72,-26633.381120000002
92,72,-28179.58712
93,72,-25243.51512
94,72,-26718.82012
95,72,-23762.525119999995
96,72,-25405.41312
97,72,-22508.467119999998
98,72,-24002.58312
99,72,-21283.552120000004
100,72,-22407.198120000005
101,72,-19834.147119999998
102,72,-20657.236119999998
103,72,-18227.85612
104,72,-18978.29312
105,72,-16614.728120000003
106,72,-17212.62312
107,72,-14890.927119999997
108,72,-15324.112120000002
109,72,-13188.13812
110,72,-13258.641119999997
111,72,-10987.11912
112,72,-11211.404120000003
113,72,-9168.893119999997
114,72,-9727.397119999998
115,72,-7748.26512
116,72,-8365.03412
117,72,-6397.086119999996
118,72,-7032.636119999999
86,73,-30891.79312
87,73,-28273.336119999996
88,73,-29487.211119999996
89,73,-26594.968119999998
90,73,-28170.270119999997
91,73,-25426.224120000003
92,73,-27082.069120000004
93,73,-24004.861119999998
94,73,-25632.38412
95,73,-22649.078120000002
96,73,-24339.859119999997
97,73,-21387.376119999997
98,73,-22945.04912
99,73,-20181.815120000003
100,73,-21453.084119999996
101,73,-18786.21612
102,73,-19823.90112
103,73,-17280.92212
104,73,-18224.58112
105,73,-16099.028119999999
106,73,-16798.361119999998
107,73,-14669.201120000002
108,73,-15286.453119999995
109,73,-12937.078119999995
110,73,-13202.238119999998
111,73,-10735.94512
112,73,-11171.344119999998
113,73,-9044.785119999997
114,73,-9650.315120000003
115,73,-7544.03412
116,73,-8198.592119999998
117,73,-6194.756120000002
118,73,-6853.636119999999
119,73,-4873.804119999997
120,73,-5776.46012
121,73,-3652.636119999999
87,74,-31844.63612
88,74,-33263.85312
89,74,-30208.255119999998
90,74,-31925.19112
91,74,-29001.699119999997
92,74,-30557.666119999998
93,74,-27576.49512
94,74,-29198.23112
95,74,-26226.50212
96,74,-27638.551119999993
97,74,-24819.484119999997
98,74,-26335.83112
99,74,-23619.739119999995
100,74,-24802.89012
101,74,-22221.56612
102,74,-23111.143119999997
103,74,-20556.05512
104,74,-21486.81212
105,74,-19168.70812
106,74,-20125.42212
107,74,-17792.26912
108,74,-18551.416119999998
109,74,-15990.887120000003
110,74,-16401.94512
111,74,-13720.844119999998
112,74,-14431.419119999995
113,74,-12227.633120000002
114,74,-12883.196119999997
115,74,-10735.088119999997
116,74,-11494.588120000004
117,74,-9339.715119999997
118,74,-10179.62112
119,74,-7982.228119999996
120,74,-8963.808119999998
121,74,-6650.99512
122,74,-7622.636119999999
123,74,-5452.636119999999
88,75,-31948.88912
89,75,-29115.077119999998
90,75,-30465.98912
91,75,-27555.248119999997
92,75,-29229.63612
93,75,-26505.99912
94,75,-28053.02312
95,75,-25051.63712
96,75,-26669.937120000002
97,75,-23783.783119999996
98,75,-25399.268120000004
99,75,-22572.09612
100,75,-23992.698119999997
101,75,-21210.143119999997
102,75,-22306.45112
103,75,-19664.90912
104,75,-20770.50012
105,75,-18435.75712
106,75,-19639.911119999993
107,75,-17232.582120000003
108,75,-18402.33112
109,75,-15753.346120000006
110,75,-16297.923119999996
111,75,-13817.391119999997
112,75,-14553.276119999999
113,75,-12159.484119999997
114,75,-12902.718120000001
115,75,-10588.35012
116,75,-11506.242119999999
117,75,-9023.639120000003
118,75,-9979.038119999997
119,75,-7520.333119999999
120,75,-8308.235120000001
121,75,-6067.46012
122,75,-6981.040119999998
123,75,-4855.51312
124,75,-5792.636119999999
89,76,-32579.63612
90,76,-34091.16212
91,76,-31046.49612
92,76,-32831.63112
93,76,-29793.17212
94,76,-31402.098120000002
95,76,-28346.458119999996
96,76,-30204.277120000002
97,76,-27168.85612
98,76,-28758.64612
99,76,-25979.54012
100,76,-27487.88312
101,76,-24704.573119999997
102,76,-25804.95612
103,76,-23115.34812
104,76,-24244.520119999997
105,76,-21610.885120000003
106,76,-22774.215119999997
107,76,-20343.361119999998
108,76,-21343.51912
109,76,-18746.406120000003
110,76,-19531.813119999995
111,76,-17026.09312
112,76,-18107.58712
113,76,-15580.061120000002
114,76,-16505.506119999995
115,76,-14088.223119999999
116,76,-15271.325119999998
117,76,-12828.211119999996
118,76,-13742.181119999997
119,76,-11117.92712
120,76,-11887.983119999997
121,76,-9530.31812
122,76,-10307.114119999998
123,76,-8148.51312
124,76,-8982.63612
125,76,-6584.10212
126,76,-7102.636119999999
127,76,-3572.636119999999
90,77,-32897.08412
91,77,-30025.86612
92,77,-31483.05212
93,77,-28314.55812
94,77,-30090.666119999998
95,77,-27222.807119999998
96,77,-28944.523119999998
97,77,-25821.903120000003
98,77,-27600.389119999996
99,77,-24706.95112
100,77,-26481.37712
101,77,-23463.032119999996
102,77,-24853.918119999995
103,77,-22122.680119999997
104,77,-23337.544120000002
105,77,-20764.44312
106,77,-21963.277119999995
107,77,-19585.071120000004
108,77,-20704.997119999996
109,77,-17982.50012
110,77,-19003.86912
111,77,-16623.14412
112,77,-17906.927120000004
113,77,-15075.28012
114,77,-16382.057120000001
115,77,-13671.76312
116,77,-14980.605119999997
117,77,-12385.88712
118,77,-13355.277119999995
119,77,-10818.057119999998
120,77,-11612.881120000002
121,77,-9208.098119999999
122,77,-10121.395119999997
123,77,-7808.618119999999
124,77,-8593.936119999998
125,77,-6183.458119999999
126,77,-6771.9311199999975
127,77,-3020.5081199999986
128,77,-2232.636119999999
92,78,-34971.83812
93,78,-31821.20512
94,78,-33546.306119999994
95,78,-30517.09112
96,78,-32142.233119999997
97,78,-29019.30312
98,78,-31018.55412
99,78,-28109.38712
100,78,-29619.15512
101,78,-26865.02712
102,78,-28269.48212
103,78,-25535.561120000002
104,78,-26685.410119999997
105,78,-24044.69312
106,78,-25171.146119999998
107,78,-22639.29212
108,78,-23688.36912
109,78,-20969.847119999995
110,78,-22248.75012
111,78,-19583.26112
112,78,-21077.82512
113,78,-18259.014120000003
114,78,-19597.62112
115,78,-16824.40312
116,78,-18130.55312
117,78,-15531.685119999998
118,78,-16575.22412
119,78,-13995.35012
120,78,-14907.936119999998
121,78,-12391.58512
122,78,-13161.021119999998
123,78,-10789.58912
124,78,-11594.670119999999
125,78,-9251.931119999997
126,78,-9409.65412
127,78,-5819.19212
128,78,-4992.636119999999
129,78,-1712.6361199999992
130,78,-2452.636119999999
93,79,-30875.64712
94,79,-32313.65312
95,79,-29139.27512
96,79,-30885.32212
97,79,-28022.58612
98,79,-29718.92912
99,79,-26661.02612
100,79,-28355.38512
101,79,-25452.93612
102,79,-27080.85212
103,79,-24196.09912
104,79,-25672.99712
105,79,-22884.46512
106,79,-24196.131120000002
107,79,-21512.70512
108,79,-22987.765119999996
109,79,-19974.892119999997
110,79,-21606.08512
111,79,-18777.82512
112,79,-20314.168120000002
113,79,-17544.19512
114,79,-18955.61612
115,79,-16343.10512
116,79,-17647.53212
117,79,-15097.402119999999
118,79,-16269.045119999999
119,79,-13897.485120000001
120,79,-14696.15712
121,79,-12428.415120000001
122,79,-12997.275120000002
123,79,-10992.35112
124,79,-11623.55112
125,79,-9187.326119999998
126,79,-9443.433119999998
127,79,-5642.488119999998
128,79,-4494.917119999998
129,79,-1106.90812
130,79,-1885.1901199999993
131,79,-197.22811999999976
98,80,-33042.71012
99,80,-29735.45712
100,80,-31780.14912
101,80,-28534.13112
102,80,-30329.083119999996
103,80,-27148.54212
104,80,-29160.21012
105,80,-25739.026120000002
106,80,-27798.34012
107,80,-24503.40012
108,80,-26458.04712
109,80,-23324.42212
110,80,-25176.85812
111,80,-22118.380119999998
112,80,-23787.88112
113,80,-20921.85012
114,80,-22454.33912
115,80,-19678.76012
116,80,-21031.08212
117,80,-18527.575119999998
118,80,-19600.353119999996
119,80,-17334.480119999997
120,80,-18117.15012
121,80,-15745.768119999997
122,80,-16440.71912
123,80,-14231.061120000002
124,80,-14852.365119999999
125,80,-12669.046119999999
126,80,-12742.294119999999
127,80,-8809.28012
128,80,-7154.751119999997
129,80,-3718.2001199999977
130,80,-4692.51512
131,80,-2887.8431199999995
132,80,-3875.64012
133,80,-1864.6371199999994
134,80,-2821.636119999999
135,80,-816.4471199999989
136,80,-1687.6361199999992
99,81,-29106.44512
100,81,-30992.99312
101,81,-27528.78012
102,81,-29619.26612
103,81,-26201.43512
104,81,-28320.373119999997
105,81,-24973.99012
106,81,-27046.01712
107,81,-23798.142119999997
108,81,-25771.786119999997
109,81,-22697.84812
110,81,-24581.56812
111,81,-21598.27812
112,81,-23328.61112
113,81,-20528.288119999997
114,81,-22068.67312
115,81,-19431.36812
116,81,-20758.81912
117,81,-18323.15512
118,81,-19456.64812
119,81,-17122.42012
120,81,-18091.680119999997
121,81,-15872.19712
122,81,-16632.91212
123,81,-14548.098119999999
124,81,-15176.955119999999
125,81,-13286.114120000002
126,81,-13406.91012
127,81,-9107.251119999997
128,81,-7335.461119999998
129,81,-3641.113119999998
130,81,-4606.0611199999985
131,81,-2965.207119999999
132,81,-3865.813119999999
133,81,-2128.707119999999
134,81,-2909.0381199999993
135,81,-1089.617119999999
136,81,-1824.8811199999982
137,81,57.36388000000079
104,82,-32077.53312
105,82,-28893.591119999997
106,82,-30808.16312
107,82,-27603.38012
108,82,-29364.44312
109,82,-26369.215119999997
110,82,-28098.576119999998
111,82,-25132.540119999998
112,82,-26815.96512
113,82,-23996.112119999998
114,82,-25467.85012
115,82,-22862.45412
116,82,-24201.04712
117,82,-21687.17412
118,82,-23019.64312
119,82,-20616.053119999997
120,82,-21712.67012
121,82,-19500.113119999998
122,82,-20501.59712
123,82,-18387.90512
124,82,-19282.21512
125,82,-17529.03512
126,82,-17862.95412
127,82,-13702.65612
128,82,-12000.914119999998
129,82,-8377.05912
130,82,-8899.660119999999
131,82,-7487.118119999999
132,82,-8207.71212
133,82,-6568.720119999998
134,82,-7431.856119999999
135,82,-5511.90812
136,82,-6386.62412
137,82,-4252.599119999999
138,82,-5228.67412
105,83,-27438.96712
106,83,-29031.10812
107,83,-26194.16412
108,83,-27959.99112
109,83,-25114.46512
110,83,-26958.468119999998
111,83,-24099.17312
112,83,-25842.90112
113,83,-23147.051119999996
114,83,-24713.17712
115,83,-22047.75612
116,83,-23547.174120000003
117,83,-21039.932119999998
118,83,-22332.81312
119,83,-19951.807119999998
120,83,-21146.363119999998
121,83,-18846.99412
122,83,-19897.38612
123,83,-17829.792120000002
124,83,-18675.79212
125,83,-16824.11912
126,83,-17255.52512
127,83,-13465.334120000001
128,83,-11635.73712
129,83,-8307.51912
130,83,-8941.81512
131,83,-6974.00812
132,83,-7859.845119999998
133,83,-5798.67612
134,83,-6870.902119999999
135,83,-4708.934119999998
136,83,-5706.08812
137,83,-3539.2881199999993
138,83,-4623.99712
139,83,-2456.0981199999987
140,83,-3676.3931200000006
141,83,-1558.9041199999992
109,84,-28331.85112
110,84,-30072.99512
111,84,-27191.968119999998
112,84,-28894.877119999997
113,84,-26065.415119999998
114,84,-27702.73912
115,84,-25026.21012
116,84,-26375.57212
117,84,-23840.42512
118,84,-25096.31112
119,84,-22664.01412
120,84,-23888.575119999998
121,84,-21501.42712
122,84,-22456.05212
123,84,-20303.81712
124,84,-21172.45512
125,84,-19281.16912
126,84,-19625.79512
127,84,-15691.35512
128,84,-14539.945119999998
129,84,-11148.964119999999
130,84,-11984.45912
131,84,-10104.885119999999
132,84,-10981.149119999998
133,84,-9002.60112
134,84,-10042.662119999999
135,84,-7855.873119999998
136,84,-8979.39212
137,84,-6764.900119999998
138,84,-8032.116119999999
139,84,-5846.365119999999
140,84,-7185.664119999998
141,84,-4990.644120000001
142,84,-6304.654119999999
143,84,-4161.636119999999
110,85,-28655.85512
111,85,-25780.43512
112,85,-27548.17612
113,85,-24826.55212
114,85,-26476.38112
115,85,-23900.21012
116,85,-25372.23112
117,85,-22737.288119999997
118,85,-24197.83012
119,85,-21743.32712
120,85,-22943.110119999998
121,85,-20611.90912
122,85,-21660.35412
123,85,-19479.61912
124,85,-20391.66712
125,85,-18459.346120000002
126,85,-18848.77812
127,85,-15166.02112
128,85,-13966.828119999998
129,85,-10862.56812
130,85,-11703.27012
131,85,-9566.294119999999
132,85,-10579.04812
133,85,-8295.73012
134,85,-9405.181119999997
135,85,-6984.30112
136,85,-8189.244119999999
137,85,-5801.602120000001
138,85,-7185.982119999997
139,85,-4803.5751199999995
140,85,-6232.37412
141,85,-3927.734120000001
142,85,-5246.779119999999
143,85,-3009.8301199999987
144,85,-4138.471119999998
113,86,-27956.45012
114,86,-29720.788119999997
115,86,-27021.43712
116,86,-28550.77512
117,86,-25915.254119999998
118,86,-27214.28912
119,86,-24728.81212
120,86,-25882.862119999998
121,86,-23467.56212
122,86,-24551.166119999998
123,86,-22234.66412
124,86,-23082.47212
125,86,-21115.822119999997
126,86,-21458.34712
127,86,-17698.271119999998
128,86,-16946.30212
129,86,-13757.42712
130,86,-14930.99712
131,86,-12802.20712
132,86,-13896.24512
133,86,-11627.96212
134,86,-12590.08212
135,86,-10288.22112
136,86,-11253.01112
137,86,-9030.149119999998
138,86,-10075.641119999997
139,86,-7990.822120000001
140,86,-9144.056120000001
141,86,-7077.403119999999
142,86,-8419.70912
143,86,-6462.6811199999975
144,86,-7356.857119999997
145,86,-5260.889119999996
116,87,-27203.041119999998
117,87,-24610.22812
118,87,-26053.78312
119,87,-23450.59212
120,87,-24795.51012
121,87,-22373.17712
122,87,-23438.76812
123,87,-21214.07812
124,87,-22141.19012
125,87,-20101.47312
126,87,-20528.70512
127,87,-16902.200119999998
128,87,-16170.05612
129,87,-13264.35412
130,87,-14359.96812
131,87,-12374.662119999999
132,87,-13415.233119999999
133,87,-11305.860119999998
134,87,-12259.238119999998
135,87,-10036.62412
136,87,-10724.184119999998
137,87,-8714.227119999998
138,87,-9555.27912
139,87,-7447.929119999997
140,87,-8453.235120000001
141,87,-6425.991120000002
142,87,-7651.847120000002
143,87,-5596.0611199999985
144,87,-6624.024120000002
145,87,-4586.1081199999935
146,87,-5439.072119999993
119,88,-26735.33712
120,88,-27899.456120000003
121,88,-25430.62412
122,88,-26460.65112
123,88,-24155.65312
124,88,-25105.47812
125,88,-22940.56412
126,88,-23349.49612
127,88,-19751.67012
128,88,-19284.44212
129,88,-16283.650119999998
130,88,-17646.81612
131,88,-15451.10412
132,88,-16721.390119999996
133,88,-14748.312119999999
134,88,-15566.186119999998
135,88,-13440.439120000001
136,88,-13938.60112
137,88,-11974.647119999998
138,88,-12709.20812
139,88,-10602.47712
140,88,-11511.64312
141,88,-9430.188119999999
142,88,-10520.984120000001
143,88,-8616.084120000003
144,88,-9484.067119999996
145,88,-7571.427120000004
146,88,-8366.43012
147,88,-6320.673119999996
121,89,-24066.598120000002
122,89,-25394.15112
123,89,-22902.557119999998
124,89,-23878.00312
125,89,-21820.25012
126,89,-22232.19412
127,89,-18687.83212
128,89,-18361.74912
129,89,-15590.32812
130,89,-16778.86312
131,89,-14765.62812
132,89,-16074.36812
133,89,-14210.377120000001
134,89,-15257.507119999998
135,89,-13111.527119999999
136,89,-13890.733119999997
137,89,-11829.016119999997
138,89,-12603.31412
139,89,-10445.631120000002
140,89,-11257.459119999996
141,89,-9075.149120000002
142,89,-9965.300119999996
143,89,-7850.7251199999955
144,89,-8650.410120000004
145,89,-6748.151119999999
146,89,-7517.1181199999955
147,89,-5534.596119999998
148,89,-6140.39012
123,90,-26074.754119999998
124,90,-27044.22712
125,90,-24875.396119999998
126,90,-25303.99412
127,90,-21741.39312
128,90,-21599.68812
129,90,-18734.604119999996
130,90,-20102.666119999998
131,90,-17785.93312
132,90,-19217.99412
133,90,-17132.171120000003
134,90,-18211.41612
135,90,-16170.057120000001
136,90,-16807.338119999997
137,90,-14694.51712
138,90,-15405.337119999997
139,90,-13387.490119999999
140,90,-14203.723119999999
141,90,-12223.67312
142,90,-12869.469120000002
143,90,-10835.332120000003
144,90,-11476.22712
145,90,-9614.292120000002
146,90,-10226.30312
147,90,-8476.440119999996
148,90,-8951.591120000001
149,90,-7170.260120000003
126,91,-23977.20012
127,91,-20559.49712
128,91,-20530.413119999997
129,91,-17758.894119999997
130,91,-19063.65212
131,91,-17091.27512
132,91,-18325.018119999997
133,91,-16553.11912
134,91,-17831.27412
135,91,-15851.72612
136,91,-16684.26612
137,91,-14547.83412
138,91,-15290.822119999997
139,91,-13189.094119999998
140,91,-13928.918119999995
141,91,-11811.10412
142,91,-12459.178119999993
143,91,-10413.211119999996
144,91,-10772.846119999998
145,91,-8953.64012
146,91,-9533.794119999995
147,91,-7693.1751200000035
148,91,-8195.76912
149,91,-6440.368120000003
150,91,-6975.304119999997
129,92,-21059.59112
130,92,-22344.82412
131,92,-20007.35812
132,92,-21674.58712
133,92,-19429.218119999998
134,92,-20846.08712
135,92,-18715.70012
136,92,-19739.51212
137,92,-17511.03412
138,92,-18352.61912
139,92,-16138.062119999999
140,92,-16769.806119999997
141,92,-14847.211120000004
142,92,-15356.677119999997
143,92,-13172.385120000003
144,92,-13652.860119999994
145,92,-11795.54712
146,92,-12212.998119999993
147,92,-10441.567120000003
148,92,-10881.736119999998
149,92,-9256.641119999997
150,92,-9838.865119999999
151,92,-7977.751119999997
130,93,-21414.05312
131,93,-19170.38812
132,93,-20645.538119999997
133,93,-18605.75912
134,93,-19863.61812
135,93,-17947.63612
136,93,-19111.258120000002
137,93,-17013.830120000002
138,93,-17913.874119999997
139,93,-15715.806119999997
140,93,-16502.682119999994
141,93,-14548.745120000003
142,93,-15151.42812
143,93,-13114.528119999999
144,93,-13453.383119999995
145,93,-11589.54712
146,93,-11923.293119999998
147,93,-9989.55512
148,93,-10415.741120000002
149,93,-8851.079120000006
150,93,-9291.751119999997
151,93,-7619.512119999996
152,93,-8047.197120000001
131,94,-22542.63612
132,94,-23772.63612
133,94,-21762.63612
134,94,-23004.827119999998
135,94,-20927.71212
136,94,-22060.46612
137,94,-20014.47312
138,94,-20653.72112
139,94,-18500.800119999996
140,94,-19212.650120000002
141,94,-17245.29012
142,94,-17703.128119999998
143,94,-15675.576120000002
144,94,-16020.488119999998
145,94,-14124.416119999998
146,94,-14438.738119999998
147,94,-12577.881120000002
148,94,-12935.870120000003
149,94,-11322.410119999997
150,94,-11804.629120000001
151,94,-10139.468119999994
152,94,-10626.999120000004
153,94,-8833.05312
138,95,-20127.63612
139,95,-18013.63612
140,95,-18811.374119999997
141,95,-16824.04712
142,95,-17585.63612
143,95,-15574.035119999997
144,95,-15999.427119999997
145,95,-14077.72912
146,95,-14355.26312
147,95,-12398.844119999998
148,95,-12669.401119999999
149,95,-11067.200119999998
150,95,-11424.15512
151,95,-9600.471119999998
152,95,-9994.160119999997
153,95,-8196.548119999996
154,95,-8571.741120000002
139,96,-20900.63612
140,96,-21684.81612
141,96,-19665.48512
142,96,-20239.433119999998
143,96,-18205.67412
144,96,-18634.414119999998
145,96,-16690.866120000002
146,96,-17002.93712
147,96,-14941.700119999998
148,96,-15442.80112
149,96,-13827.741120000002
150,96,-14239.54912
151,96,-12423.307119999994
152,96,-12716.800119999989
153,96,-10881.461120000004
154,96,-11284.101119999996
155,96,-9340.988119999998
156,96,-10038.642119999993
142,97,-19830.891119999997
143,97,-17756.63612
144,97,-18363.63612
145,97,-16379.355119999997
146,97,-16780.00712
147,97,-14815.793120000006
148,97,-15318.860120000001
149,97,-13653.82012
150,97,-14038.266119999997
151,97,-12101.811120000002
152,97,-12405.695120000008
153,97,-10428.581120000006
154,97,-10637.388119999992
155,97,-8777.972119999995
156,97,-9348.617119999999
157,97,-7784.24612
143,98,-20445.63612
144,98,-20980.654119999996
145,98,-19045.63612
146,98,-19465.54012
147,98,-17504.48512
148,98,-18078.408119999996
149,98,-16348.244119999992
150,98,-16723.487119999994
151,98,-14998.296120000003
152,98,-15271.300120000004
153,98,-13182.65512
154,98,-13333.026119999999
155,98,-11352.62112
156,98,-12095.851119999996
157,98,-10344.122120000004
158,98,-11095.787119999997
144,99,-20615.63612
145,99,-18516.63612
146,99,-19143.63612
147,99,-17287.834120000003
148,99,-17756.243120000003
149,99,-16034.823120000005
150,99,-16639.63612
151,99,-14815.429120000004
152,99,-15150.23211999999
153,99,-12920.219119999998
154,99,-13090.95812
155,99,-10965.096120000006
156,99,-11398.948120000005
157,99,-9860.157119999993
158,99,-10540.101119999996
159,99,-8925.432120000001
146,100,-21548.449119999994
147,100,-19795.63612
148,100,-20359.843119999994
149,100,-18559.493120000003
150,100,-19018.44312
151,100,-17364.78012
152,100,-17725.165119999994
153,100,-15763.836119999996
154,100,-15707.233120000008
155,100,-13515.171120000003
156,100,-14110.840119999997
157,100,-12394.56812
158,100,-13172.63612
159,100,-11431.108119999994
160,100,-12066.986120000005
149,101,-18432.49612
150,101,-18962.887120000003
151,101,-17241.518119999997
152,101,-17818.63612
153,101,-15561.006119999995
154,101,-15659.263119999992
155,101,-13409.948120000005
156,101,-13962.098119999999
157,101,-12275.332119999995
158,101,-12825.700119999998
159,101,-11069.63612
160,101,-11644.017119999993
161,101,-10085.63612
151,102,-19613.940120000003
152,102,-19956.324119999994
153,102,-17854.17312000001
154,102,-17965.47712
155,102,-15842.877119999994
156,102,-16412.239120000002
157,102,-14728.255120000005
158,102,-15314.63612
159,102,-13538.63612
160,102,-14318.63612
161,102,-12570.63612
162,102,-13236.63612
152,103,-19837.331120000006
153,103,-17597.033119999996
154,103,-17806.63612
155,103,-15582.628119999998
156,103,-16158.025119999995
157,103,-14209.974120000003
158,103,-14952.63612
159,103,-13185.63612
160,103,-13791.869119999992
161,103,-12159.63612
162,103,-12666.63612
163,103,-10555.63612
153,104,-19871.247120000004
154,104,-20096.298119999996
155,104,-17929.921120000003
156,104,-18502.339119999993
157,104,-16815.42412
158,104,-17423.63612
159,104,-15693.63612
160,104,-16320.63612
161,104,-14562.63612
162,104,-15268.63612
163,104,-13080.63612
164,104,-13406.63612
155,105,-17765.63612
156,105,-18353.63612
157,105,-16437.131119999995
158,105,-17037.64012
159,105,-15249.70812
160,105,-15955.63612
161,105,-14185.63612
162,105,-14922.63612
163,105,-12699.63612
164,105,-12800.63612
165,105,-10545.63612
156,106,-20896.56412
157,106,-19027.046120000003
158,106,-19611.755120000005
159,106,-17844.63612
160,106,-18483.63612
161,106,-16731.63612
162,106,-17446.63612
163,106,-15215.63612
164,106,-15418.63612
165,106,-13002.63612
166,106,-13852.63612
167,106,-12081.63612
158,107,-19425.63612
159,107,-17601.801119999993
160,107,-18277.881119999995
161,107,-16575.311120000002
162,107,-17323.63612
163,107,-14880.63612
164,107,-14776.63612
165,107,-12467.63612
166,107,-13150.63612
167,107,-11384.63612
168,107,-12129.63612
169,107,-10598.63612
170,107,-11534.63612
171,107,-9957.63612
159,108,-20108.63612
160,108,-20847.317119999996
161,108,-19440.63612
162,108,-20181.63612
163,108,-17751.63612
164,108,-17847.63612
165,108,-15475.63612
166,108,-16217.63612
167,108,-14432.63612
168,108,-15206.63612
169,108,-13534.63612
170,108,-14234.63612
171,108,-12650.63612
172,108,-13489.63612
160,109,-20722.63612
161,109,-19081.63612
162,109,-19877.30712
163,109,-17343.22012
164,109,-17312.63612
165,109,-14976.63612
166,109,-15660.63612
167,109,-14027.63612
168,109,-14800.63612
169,109,-12914.63612
170,109,-13649.63612
171,109,-11883.63612
172,109,-12766.63612
173,109,-11007.63612
164,110,-19718.63612
165,110,-17361.63612
166,110,-18215.63612
167,110,-16445.63612
168,110,-17277.63612
169,110,-15525.63612
170,110,-16343.63612
171,110,-14590.63612
172,110,-15238.63612
173,110,-13645.63612
174,110,-14424.63612
167,111,-15981.63612
168,111,-16753.63612
169,111,-15098.63612
170,111,-15830.63612
171,111,-14054.63612
172,111,-14709.63612
173,111,-12998.63612
174,111,-13749.63612
175,111,-12047.63612
168,112,-19518.63612
169,112,-17655.63612
170,112,-18556.63612
171,112,-16615.63612
172,112,-17456.63612
173,112,-15619.63612
174,112,-16283.63612
175,112,-14540.63612
176,112,-15169.63612
173,113,-14964.63612
174,113,-15619.63612
175,113,-13778.63612
176,113,-14521.63612
177,113,-12744.63612
175,114,-16425.63612
176,114,-17077.63612
177,114,-15325.63612
176,115,-16419.63612
177,115,-14570.63612
177,116,-17227.63612
